,sharpe,sortino,treynor,information,calmar,cum_ret,one_minus_mdd,mer_ann
sharpe,1.0,0.9729540332951285,0.8358603130164013,0.4616394832831035,0.9270430896824646,0.5511513354851624,0.7400187828577165,0.7190265959784067
sortino,0.9729540332951285,1.0,0.8374546247637887,0.4403674283665586,0.950479764974622,0.6477606923410122,0.6917159908824042,0.7663542635727096
treynor,0.8358603130164013,0.8374546247637887,1.0,0.17153400509752526,0.790793925806891,0.5666735219602906,0.4500602358387386,0.7660796110005361
information,0.4616394832831035,0.4403674283665586,0.17153400509752526,1.0,0.4083528890235322,0.10158938581299713,0.8051666727048108,0.3616868972698958
calmar,0.9270430896824646,0.950479764974622,0.790793925806891,0.4083528890235322,1.0,0.7473171055166571,0.7192715147772816,0.7195395507913184
cum_ret,0.5511513354851624,0.6477606923410122,0.5666735219602906,0.10158938581299713,0.7473171055166571,1.0,0.2898356700429761,0.5652769739589738
one_minus_mdd,0.7400187828577165,0.6917159908824042,0.4500602358387386,0.8051666727048108,0.7192715147772816,0.2898356700429761,1.0,0.38784888441355975
mer_ann,0.7190265959784067,0.7663542635727096,0.7660796110005361,0.3616868972698958,0.7195395507913184,0.5652769739589738,0.38784888441355975,1.0
