,sharpe,sortino,treynor,information,calmar,cum_ret,one_minus_mdd,mer_ann
sharpe,1.0,0.9842834008044246,0.8000556588698026,0.5228032956681374,0.9702945257881521,0.8708024277518136,0.7713746955986481,0.5940618226278924
sortino,0.9842834008044246,1.0,0.7907351891518115,0.5313366121194725,0.9694215884152415,0.8852193520131549,0.757066999126803,0.6394206500541519
treynor,0.8000556588698026,0.7907351891518115,1.0,0.22698490783422132,0.7180126148984911,0.7323893884195057,0.45642254768368173,0.6584638680751286
information,0.5228032956681374,0.5313366121194725,0.22698490783422132,1.0,0.586545626150913,0.37623870011155497,0.8389669593273948,0.4502002834955139
calmar,0.9702945257881521,0.9694215884152415,0.7180126148984911,0.586545626150913,1.0,0.9203485531990658,0.8164725056549873,0.5639102345272566
cum_ret,0.8708024277518136,0.8852193520131549,0.7323893884195057,0.37623870011155497,0.9203485531990658,1.0,0.6178773460520254,0.5860764420258013
one_minus_mdd,0.7713746955986481,0.757066999126803,0.45642254768368173,0.8389669593273948,0.8164725056549873,0.6178773460520254,1.0,0.3907851379952523
mer_ann,0.5940618226278924,0.6394206500541519,0.6584638680751286,0.4502002834955139,0.5639102345272566,0.5860764420258013,0.3907851379952523,1.0
