Side,Avg_B1_Pct,Avg_G1_Pct,SameTopRate
LONG,32.29629629629629,14.049999999999999,0.4444444444444444
SHORT,37.765740740740746,17.2287037037037,0.6944444444444444
