,sharpe,sortino,treynor,information,calmar,cum_ret,mdd,excess_ret_ann
sharpe,1.0,0.9939810683210069,0.9899277727692927,0.9992587376481861,0.9927458022883163,0.9958208722198262,0.7743075587371938,0.9963452324874013
sortino,0.9939810683210069,1.0,0.9716451374833519,0.9963377232642349,0.9795511919141414,0.9990313128436518,0.7376787207917639,0.999320329226893
treynor,0.9899277727692927,0.9716451374833519,1.0,0.9850955134415688,0.9902521169277301,0.9787287298639795,0.778654954913376,0.977792080620993
information,0.9992587376481861,0.9963377232642349,0.9850955134415688,1.0,0.9906472253284411,0.9967467783655126,0.7726603858891717,0.9982511281512059
calmar,0.9927458022883163,0.9795511919141414,0.9902521169277301,0.9906472253284411,1.0,0.9823263759841381,0.8367764800374115,0.9844646734152053
cum_ret,0.9958208722198262,0.9990313128436518,0.9787287298639795,0.9967467783655126,0.9823263759841381,1.0,0.7339652229687607,0.9990341178708452
mdd,0.7743075587371938,0.7376787207917639,0.778654954913376,0.7726603858891717,0.8367764800374115,0.7339652229687607,1.0,0.7515947426706155
excess_ret_ann,0.9963452324874013,0.999320329226893,0.977792080620993,0.9982511281512059,0.9844646734152053,0.9990341178708452,0.7515947426706155,1.0
