,sharpe,sortino,treynor,information,calmar,cum_ret,mdd,excess_ret_ann
sharpe,1.0,0.9963343404160914,0.9981926185265846,,0.996581496046278,0.9922968576580228,0.05458716169922178,
sortino,0.9963343404160914,1.0,0.9904512019582415,,0.9889266371242303,0.9802646803111745,0.01552997060412615,
treynor,0.9981926185265846,0.9904512019582415,1.0,,0.9967382834408771,0.9979414529053905,0.10239054369093846,
information,,,,,,,,
calmar,0.996581496046278,0.9889266371242303,0.9967382834408771,,1.0,0.9932328175849966,0.03500543147289016,
cum_ret,0.9922968576580228,0.9802646803111745,0.9979414529053905,,0.9932328175849966,1.0,0.15072288459315314,
mdd,0.05458716169922178,0.01552997060412615,0.10239054369093846,,0.03500543147289016,0.15072288459315314,1.0,
excess_ret_ann,,,,,,,,
