,sharpe,sortino,treynor,information,calmar,cum_ret,mdd,excess_ret_ann
sharpe,1.0,0.9995799940810786,0.9860423839975276,1.0000000000000002,0.9970391203640289,0.9980649037130097,0.9500932433118208,0.9315727317437963
sortino,0.9995799940810786,1.0,0.980803244155035,1.0,0.9943919189852728,0.9994477038894449,0.9406534485443506,0.9206456726422124
treynor,0.9860423839975276,0.980803244155035,1.0,1.0000000000000002,0.9959255893454779,0.9737815413667342,0.9887728400746355,0.9791001052144557
information,1.0000000000000002,1.0,1.0000000000000002,1.0,1.0,0.9999999999999998,0.9999999999999998,0.9999999999999999
calmar,0.9970391203640289,0.9943919189852728,0.9959255893454779,1.0,1.0,0.9903283022375714,0.971269069744995,0.956770377519809
cum_ret,0.9980649037130097,0.9994477038894449,0.9737815413667342,0.9999999999999998,0.9903283022375714,1.0,0.9288564313949642,0.9071639188658412
mdd,0.9500932433118208,0.9406534485443506,0.9887728400746355,0.9999999999999998,0.971269069744995,0.9288564313949642,1.0,0.9984977859630766
excess_ret_ann,0.9315727317437963,0.9206456726422124,0.9791001052144557,0.9999999999999999,0.956770377519809,0.9071639188658412,0.9984977859630766,1.0
