,sharpe,sortino,treynor,information,calmar,cum_ret,mdd,excess_ret_ann
sharpe,1.0,0.9974780845425859,0.9998453918967873,0.999329763845241,0.997195219145897,0.9987835035909334,0.766798733842995,0.9982088860923656
sortino,0.9974780845425859,1.0,0.996752672505959,0.9973970161700582,0.9992179412051331,0.9988240631653371,0.7779298969209141,0.9925952935527448
treynor,0.9998453918967873,0.996752672505959,1.0,0.9993728128702649,0.9963000994182594,0.9982288631873122,0.7683033646206984,0.9986023557350013
information,0.999329763845241,0.9973970161700582,0.9993728128702649,1.0,0.9965629557871966,0.9980816074458445,0.7781609971945458,0.9977420495922991
calmar,0.997195219145897,0.9992179412051331,0.9963000994182594,0.9965629557871966,1.0,0.9995197706539231,0.7538244268031334,0.9934176829160043
cum_ret,0.9987835035909334,0.9988240631653371,0.9982288631873122,0.9980816074458445,0.9995197706539231,1.0,0.7535540037277035,0.996306696214234
mdd,0.766798733842995,0.7779298969209141,0.7683033646206984,0.7781609971945458,0.7538244268031334,0.7535540037277035,1.0,0.7433881661440233
excess_ret_ann,0.9982088860923656,0.9925952935527448,0.9986023557350013,0.9977420495922991,0.9934176829160043,0.996306696214234,0.7433881661440233,1.0
