,sharpe,sortino,treynor,information,calmar,cum_ret,mdd,excess_ret_ann
sharpe,1.0,0.937770977831426,0.9553241672211255,0.999830935427049,0.9942551582576777,0.9817501343315739,0.9236062599176953,0.49047841315327545
sortino,0.937770977831426,1.0,0.9757845991558382,0.9460620632176507,0.9570060290323249,0.9847336432868884,0.7587108114582309,0.7358045798243203
treynor,0.9553241672211255,0.9757845991558382,1.0,0.995383837286746,0.9810244396406052,0.9718170142024442,0.8531511857507118,0.7178281856271636
information,0.999830935427049,0.9460620632176507,0.995383837286746,1.0,0.9999989728198365,0.9836322684301612,0.9039637494545434,0.37592886501132206
calmar,0.9942551582576777,0.9570060290323249,0.9810244396406052,0.9999989728198365,1.0,0.985504389210881,0.9145195060055922,0.5727184347802132
cum_ret,0.9817501343315739,0.9847336432868884,0.9718170142024442,0.9836322684301612,0.985504389210881,1.0,0.8392512566534311,0.6116182307633953
mdd,0.9236062599176953,0.7587108114582309,0.8531511857507118,0.9039637494545434,0.9145195060055922,0.8392512566534311,1.0,0.2884073901640747
excess_ret_ann,0.49047841315327545,0.7358045798243203,0.7178281856271636,0.37592886501132206,0.5727184347802132,0.6116182307633953,0.2884073901640747,1.0
