,sharpe,sortino,treynor,information,calmar,cum_ret,mdd,excess_ret_ann
sharpe,1.0,0.999452899978548,0.9959837361222617,0.9963212403392183,0.9993414634387465,0.9982990268792378,0.5928641192822531,0.9945812634252017
sortino,0.999452899978548,1.0,0.9941719705734773,0.9959934594100616,0.9988368630925749,0.9972818267575779,0.5836093271437046,0.9949162631493638
treynor,0.9959837361222617,0.9941719705734773,1.0,0.9906657781539118,0.9978094576913692,0.9990175479213945,0.6311037177341037,0.9834203205499834
information,0.9963212403392183,0.9959934594100616,0.9906657781539118,1.0,0.9963311030926616,0.9950754887564607,0.5986977518296991,0.9975966761204222
calmar,0.9993414634387465,0.9988368630925749,0.9978094576913692,0.9963311030926616,1.0,0.999652619263951,0.6114291176759682,0.9922493128750914
cum_ret,0.9982990268792378,0.9972818267575779,0.9990175479213945,0.9950754887564607,0.999652619263951,1.0,0.6252073488040437,0.9893337613525806
mdd,0.5928641192822531,0.5836093271437046,0.6311037177341037,0.5986977518296991,0.6114291176759682,0.6252073488040437,1.0,0.5561151453219397
excess_ret_ann,0.9945812634252017,0.9949162631493638,0.9834203205499834,0.9975966761204222,0.9922493128750914,0.9893337613525806,0.5561151453219397,1.0
