,sharpe,sortino,treynor,information,calmar,cum_ret,mdd,excess_ret_ann
sharpe,1.0,0.9997458042835381,0.9985397177509598,0.9993567967002109,0.9989032041303469,0.9943585390328936,0.8694446050546321,0.9993430760194236
sortino,0.9997458042835381,1.0,0.9990163507458236,0.9993016655796737,0.9995321884103341,0.9960481295989594,0.8614356297044915,0.9991628098622525
treynor,0.9985397177509598,0.9990163507458236,1.0,0.9981495176857103,0.9996685097279393,0.9982056567466756,0.8650377515327302,0.9972238535673477
information,0.9993567967002109,0.9993016655796737,0.9981495176857103,1.0,0.9989221451046296,0.9948682446096531,0.8661270276287298,0.9998050537749924
calmar,0.9989032041303469,0.9995321884103341,0.9996685097279393,0.9989221451046296,1.0,0.9981791192541641,0.8601933170079489,0.9982534962511302
cum_ret,0.9943585390328936,0.9960481295989594,0.9982056567466756,0.9948682446096531,0.9981791192541641,1.0,0.8483932062491373,0.9932660137933164
mdd,0.8694446050546321,0.8614356297044915,0.8650377515327302,0.8661270276287298,0.8601933170079489,0.8483932062491373,1.0,0.8627491659343719
excess_ret_ann,0.9993430760194236,0.9991628098622525,0.9972238535673477,0.9998050537749924,0.9982534962511302,0.9932660137933164,0.8627491659343719,1.0
