run,direction,strategy,sharpe,sortino,treynor,treynor_raw,information,calmar,cum_ret,mdd,mdd_mag,excess_ret_m,excess_ret_ann
1,long,classic,0.1512956655327516,0.22051870663306475,0.039255077051066914,0.039255077051066914,0.09417813849443896,-0.011382016428658971,-0.07077393257942599,-0.7136472430323987,0.7136472430323987,0.0023943069656175587,0.028731683587410704
1,long,risk,0.08689993901086421,0.14064066795115956,0.02974714344869288,0.02974714344869288,0.0057830191969302485,-0.021590959177839302,-0.12313753427990493,-0.671322547461123,0.671322547461123,0.0001289037900921863,0.0015468454811062354
1,long,weighted,0.18855198595836786,0.27454816356181505,0.02330689624975002,0.02330689624975002,,0.038094653651874914,0.15138986827907663,-0.4144052126922282,0.4144052126922282,0.0,0.0
1,short,classic,0.6183339901625245,1.22544768893478,0.17161565362206987,-0.17161565362206987,0.48685188188419537,0.27768454435207257,4.154048199643896,-0.7197080534037423,0.7197080534037423,0.02008597305635072,0.24103167667620862
1,short,risk,-0.2231615102012524,-0.3636070242541613,-0.04969497279356566,0.04969497279356566,-0.23554976156685994,-0.133002064675409,-0.6760920551661498,-0.8851606653360711,0.8851606653360711,-0.008016293382526624,-0.0961955205903195
