run,direction,strategy,sharpe,sortino,treynor,treynor_raw,information,calmar,cum_ret,mdd,mdd_mag,mer_m,mer_ann
1,long,baseline,0.10352703743415614,0.16595677074157233,0.04149563458406286,0.04149563458406286,-0.013797912601407288,-0.04729216442148166,-0.21861276501518978,-0.5717047049661528,0.5717047049661528,-0.00040420600778606866,-0.004850472093432824
1,long,gps,0.2554163697351475,0.47376823414479446,0.07519444312822486,0.07519444312822486,0.12354181247647379,0.06435314180733238,0.3629719377057017,-0.5439717817902131,0.5439717817902131,0.0028169429620840763,0.03380331554500891
1,long,weighted,0.3512507095311479,0.505454087614259,0.04306134102795175,0.04306134102795175,,0.09846527579609655,0.3764613410415385,-0.3670277189836597,0.3670277189836597,0.0,0.0
1,short,baseline,0.6682620455177264,1.9323987662102626,0.18794316608438005,-0.18794316608438005,0.47141418133412616,0.5125386677605007,4.517372761524317,-0.40771111918306313,0.40771111918306313,0.01756459672328206,0.21077516067938473
1,short,gps,0.736815557537607,2.022842350244755,0.21846581335615636,-0.21846581335615636,0.5335923629946124,0.6516863094853166,5.975470468486013,-0.36962833776658166,0.36962833776658166,0.019877046534081462,0.23852455840897754
