run,direction,strategy,sharpe,sortino,treynor,treynor_raw,information,calmar,cum_ret,mdd,mdd_mag,mer_m,mer_ann
1,long,baseline,0.07961029947102488,0.13742987398137874,0.020031319760281597,0.020031319760281597,-0.06587015893952478,-0.0429023536246049,-0.18606165095559135,-0.52712443293809,0.52712443293809,-0.0015104669799699997,-0.018125603759639997
1,long,gps,0.7050588977191615,1.3941208062245438,0.18447215518842414,0.18447215518842414,0.6147923018960398,0.45986835465328796,2.9511287173401373,-0.35866083680985916,0.35866083680985916,0.012037758976260313,0.14445310771512376
1,long,weighted,0.3512507095311479,0.505454087614259,0.04306134102795175,0.04306134102795175,,0.09846527579609655,0.3764613410415385,-0.3670277189836597,0.3670277189836597,0.0,0.0
1,short,baseline,0.5594719663810739,0.957032563205119,0.18360569223463477,-0.18360569223463477,0.39488679481018557,0.2871137159429572,2.7681745159889095,-0.5531473673646607,0.5531473673646607,0.015311036122195273,0.18373243346634327
1,short,gps,0.2740087461677825,0.6173216076545888,0.06523328938613378,-0.06523328938613378,0.16340885941554117,0.054924051905631155,0.4641585583991008,-0.7879008640153933,0.7879008640153933,0.007761335591049916,0.093136027092599
