Side,Avg_B1_Pct,Avg_G1_Pct,SameTopRate
LONG,11.008333333333333,8.70648148148148,0.49074074074074076
SHORT,10.871296296296297,8.751851851851852,0.46296296296296297
