run,direction,strategy,sharpe,sortino,treynor,treynor_raw,information,calmar,cum_ret,mdd,mdd_mag,mer_m,mer_ann
1,long,baseline,0.029437238891752652,0.0475687391713634,0.010818758746707156,0.010818758746707156,-0.007092664113713696,-0.07672008177366697,-0.3691738378985533,-0.6504612919593806,0.6504612919593806,-0.00019986597265085048,-0.0023983916718102057
1,long,gps,0.13851611311753825,0.29634194108524275,0.045384221504165115,0.045384221504165115,0.09647153143529635,0.007544882800779088,0.033436426641082706,-0.4852406522071351,0.4852406522071351,0.0019950677153455993,0.02394081258414719
1,long,weighted,0.1059278547026996,0.15218583632895744,0.0129536876753825,0.0129536876753825,,0.012570610547850296,0.05040719807436056,-0.43587117344751714,0.43587117344751714,0.0,0.0
1,short,baseline,0.44823429477789756,0.8852906347236197,0.11336812454719597,-0.11336812454719597,0.35098275174817867,0.22344351272000246,1.578052336347048,-0.49659837214180724,0.49659837214180724,0.013555761273265429,0.16266913527918514
1,short,gps,0.34504067065387245,0.7240474249572824,0.1687533431456376,-0.1687533431456376,0.25077548180011533,0.12870725424674762,0.7009927834815359,-0.4723916837159342,0.4723916837159342,0.006892428885912393,0.08270914663094872
