run,direction,strategy,sharpe,sortino,treynor,treynor_raw,information,calmar,cum_ret,mdd,mdd_mag,excess_ret_m,excess_ret_ann
1,long,baseline,0.41733509178438116,0.6619118835615395,0.10397141108790524,0.10397141108790524,0.2874048085337593,0.2726775259121202,0.4278109584450882,-0.2908338101904374,0.2908338101904374,0.005609354466543507,0.06731225359852208
1,long,gps,0.8450290234515052,2.011733205227017,0.24973296715487175,0.24973296715487175,0.6964775858112604,0.927732354904719,1.1259433972648076,-0.18907470992546405,0.18907470992546405,0.011789273009081442,0.1414712761089773
1,long,weighted,0.3512507095311479,0.505454087614259,0.04306134102795175,0.04306134102795175,,0.09846527579609655,0.3764613410415385,-0.3670277189836597,0.3670277189836597,0.0,0.0
1,short,baseline,0.40978675492516187,1.0586406420535601,0.11819224880660087,-0.11819224880660087,0.2882471154955932,0.2730322037551434,0.5490662330370073,-0.36697274083279074,0.36697274083279074,0.011511749032037163,0.13814098838444594
1,short,gps,0.40978675492516187,1.0586406420535601,0.11819224880660087,-0.11819224880660087,0.2882471154955932,0.2730322037551434,0.5490662330370073,-0.36697274083279074,0.36697274083279074,0.011511749032037163,0.13814098838444594
