Side,Avg_B1_Pct,Avg_G1_Pct,SameTopRate
LONG,23.289814814814818,11.337962962962964,0.5462962962962963
SHORT,22.50092592592593,11.424999999999999,0.5833333333333334
